<?xml version="1.0" encoding="UTF-8"?>
<project-private xmlns="http://www.netbeans.org/ns/project-private/1">
    <editor-bookmarks xmlns="http://www.netbeans.org/ns/editor-bookmarks/2" lastBookmarkId="0"/>
    <open-files xmlns="http://www.netbeans.org/ns/projectui-open-files/2">
        <group>
            <file>file:/Users/cesardias/NetBeansProjects/Pulse_PAP_2_3/web/view/produtos.xhtml</file>
            <file>file:/Users/cesardias/NetBeansProjects/Pulse_PAP_2_3/nbproject/build-impl.xml</file>
            <file>file:/Users/cesardias/NetBeansProjects/Pulse_PAP_2_3/src/java/controle/PessoaBean.java</file>
            <file>file:/Users/cesardias/NetBeansProjects/Pulse_PAP_2_3/web/view/login.xhtml</file>
            <file>file:/Users/cesardias/NetBeansProjects/Pulse_PAP_2_3/web/view/index2.xhtml</file>
            <file>file:/Users/cesardias/NetBeansProjects/Pulse_PAP_2_3/web/view/form_cliente_fisico.xhtml</file>
            <file>file:/Users/cesardias/NetBeansProjects/Pulse_PAP_2_3/web/WEB-INF/web.xml</file>
            <file>file:/Users/cesardias/NetBeansProjects/Pulse_PAP_2_3/src/java/controle/LoginDAO.java</file>
            <file>file:/Users/cesardias/NetBeansProjects/Pulse_PAP_2_3/src/java/controle/LoginBean.java</file>
        </group>
    </open-files>
</project-private>
