<?xml version="1.0" encoding="UTF-8"?>
<project-private xmlns="http://www.netbeans.org/ns/project-private/1">
    <editor-bookmarks xmlns="http://www.netbeans.org/ns/editor-bookmarks/2" lastBookmarkId="0"/>
    <open-files xmlns="http://www.netbeans.org/ns/projectui-open-files/2">
        <group>
            <file>file:/Users/cesardias/NetBeansProjects/Pulse_PAP%202%203/web/view/form_cliente_fisico.xhtml</file>
            <file>file:/Users/cesardias/NetBeansProjects/Pulse_PAP%202%203/web/view/form_cliente_fisico.html</file>
            <file>file:/Users/cesardias/NetBeansProjects/Pulse_PAP%202%203/web/view/template_menu.xhtml</file>
            <file>file:/Users/cesardias/NetBeansProjects/Pulse_PAP%202%203/web/resources/css/style.css</file>
            <file>file:/Users/cesardias/NetBeansProjects/Pulse_PAP%202%203/web/view/index.xhtml</file>
            <file>file:/Users/cesardias/NetBeansProjects/Pulse_PAP%202%203/web/view/index.html</file>
        </group>
    </open-files>
</project-private>
